{
        "sagittarius":{
            "title":"The one who seeks",
            "sign": "Sagittarius",
            "text": "Sagittarius is a free spirit, always open to new experiences. He does not like being tied down by anyone, and actively seeks exciting experiences. Even though he seems like a lone wolf, nothing makes him happier than sharing his experiences and happiness with the people he loves."
        },
        "aries":{
            "title": "The one who rules",
            "sign": "Aries",
            "text": "His ability to be admired by everyone without it going straight to his head makes him a staple in anyone’s life. He knows how to be a leader and a friend, finding that perfect balance between the two roles."
        },
        "taurus":{
            "title": "The one who strikes your heart",
            "sign": "Taurus",
            "text": "There’s something about the deliberateness in his actions that touch the hearts of many. Whether it’s through romance or just by letting you know that he's your friend ‘til the end, Taurus knows how to make anyone feel special and loved."
        },
        "gemini":{
            "title": "The one who shines bright",
            "sign": "Gemini",
            "text": "Gemini might be too intense for some people at first, but there is something about him that intrigues everyone who meets him.He brightens up a room whenever he walks in and when he leaves, you always find yourself missing him."
        },
        "cancer":{
            "title": "The one who is full of moons",
            "sign": "Cancer",
            "text": "“A gentle, but fearless leader” is the perfect way to describe Cancer because, just like the moon, he is both soft and romantic, yet bold and a trailblazer.But even if he’s ever-changing (like the moon), he is still as reliable as ever."
        },
        "leo":{
            "title": "The one who is made of sunshine",
            "sign": "Leo",
            "text": "Leo acts like the world revolves around him because if people were stars and planets, he would definitely be the Sun.He tends to bring light wherever he goes, making it easy to see why people are so attracted to him."
        },
        "virgo":{
            "title": "The one who stands for themselves",
            "sign": "Virgo",
            "text": "Virgo knows that the most reliable person you can trust is yourself, which is why he doesn’t often take the advice of others.Virgo is like an all-knowing person who stands strong and tall because he knows that others look to him as a leader."
        },
        "libra":{
            "title": "The one who is filled with love",
            "sign": "Libra",
            "text": "All Libra wants is to make sure everyone in his life is well-loved.He will often go out of his way to take care of and please others, which not only makes him incredibly selfless, but also an amazing friend and partner."
        },
        "scorpio":{
            "title": "The one who wins your heart",
            "sign": "Scorpio",
            "text": "Scorpio can be considered erratic and intense to some, but when you really get to know him, he’s nothing but a big softie.Scorpio’s main goal in life is to make sure his friends and family know that they are tremendously important to him."
        },
        "capricorn":{
            "title": "The one who climbs higher than anyone else",
            "sign": "Capricorn",
            "text": "Capricorn is always reaching new heights, constantly wanting to learn more and expand his mind.He loves being the person with a wealth of knowledge and, more than that, someone who can share this newfound knowledge with others."
        },
        "aquarius":{
            "title": "The one who is made with color",
            "sign": "Aquarius",
            "text": "Aquarius is totally unique and loves it that way. He lives for himself and doesn’t care what anyone thinks of him, which intrigues everyone who knows him."
        },
        "pisces":{
            "title": "The one who dreams of the unimaginable",
            "sign": "Pisces",
            "text": "So many people criticize Pisces for always having his head in the clouds, but in reality, he’s only dreaming of bigger things in this life.He sees life through rose-colored glasses and is always looking for ways to make a difference."
        },
        "change":{
            "title": "Change",
            "sign": "Change",
            "text": "Change"
        }

}
